{"type":"internal","split":{"type":"continuous","featureIndex":8,"threshold":10.825}}
{"type":"internal","split":{"type":"continuous","featureIndex":7,"threshold":17.5}}
{"type":"internal","split":{"type":"continuous","featureIndex":5,"threshold":0.5}}
{"type":"internal","split":{"numCategories":2,"isLeft":false,"featureIndex":0,"categories":[0.0],"type":"categorical"}}
{"type":"internal","split":{"type":"continuous","featureIndex":8,"threshold":8.1354}}
{"type":"leaf","values":[1.0,1.0]}
{"type":"leaf","values":[5.0,0.0]}
{"type":"internal","split":{"type":"continuous","featureIndex":7,"threshold":15.5}}
{"type":"leaf","values":[1.0,3.0]}
{"type":"leaf","values":[0.0,3.0]}
{"type":"leaf","values":[3.0,0.0]}
{"type":"internal","split":{"numCategories":2,"isLeft":false,"featureIndex":0,"categories":[0.0],"type":"categorical"}}
{"type":"internal","split":{"numCategories":2,"isLeft":false,"featureIndex":3,"categories":[1.0],"type":"categorical"}}
{"type":"leaf","values":[23.0,0.0]}
{"type":"internal","split":{"numCategories":2,"isLeft":false,"featureIndex":1,"categories":[1.0],"type":"categorical"}}
{"type":"leaf","values":[37.0,2.0]}
{"type":"leaf","values":[94.0,14.0]}
{"type":"internal","split":{"numCategories":2,"isLeft":false,"featureIndex":1,"categories":[1.0],"type":"categorical"}}
{"type":"internal","split":{"numCategories":2,"isLeft":false,"featureIndex":2,"categories":[0.0],"type":"categorical"}}
{"type":"leaf","values":[0.0,2.0]}
{"type":"leaf","values":[2.0,6.0]}
{"type":"internal","split":{"type":"continuous","featureIndex":8,"threshold":7.7625}}
{"type":"leaf","values":[0.0,4.0]}
{"type":"leaf","values":[18.0,7.0]}
{"type":"internal","split":{"numCategories":2,"isLeft":false,"featureIndex":0,"categories":[0.0],"type":"categorical"}}
{"type":"internal","split":{"type":"continuous","featureIndex":8,"threshold":50.491699999999994}}
{"type":"internal","split":{"type":"continuous","featureIndex":7,"threshold":8.5}}
{"type":"internal","split":{"numCategories":2,"isLeft":false,"featureIndex":1,"categories":[1.0],"type":"categorical"}}
{"type":"leaf","values":[7.0,0.0]}
{"type":"leaf","values":[3.0,9.0]}
{"type":"internal","split":{"type":"continuous","featureIndex":6,"threshold":1.5}}
{"type":"leaf","values":[72.0,24.0]}
{"type":"leaf","values":[6.0,0.0]}
{"type":"internal","split":{"numCategories":2,"isLeft":false,"featureIndex":3,"categories":[0.0],"type":"categorical"}}
{"type":"internal","split":{"type":"continuous","featureIndex":6,"threshold":0.5}}
{"type":"leaf","values":[0.0,7.0]}
{"type":"leaf","values":[4.0,0.0]}
{"type":"internal","split":{"type":"continuous","featureIndex":7,"threshold":17.5}}
{"type":"leaf","values":[0.0,2.0]}
{"type":"leaf","values":[25.0,18.0]}
{"type":"internal","split":{"type":"continuous","featureIndex":6,"threshold":1.5}}
{"type":"internal","split":{"numCategories":2,"isLeft":false,"featureIndex":3,"categories":[0.0],"type":"categorical"}}
{"type":"internal","split":{"type":"continuous","featureIndex":8,"threshold":12.9375}}
{"type":"leaf","values":[0.0,8.0]}
{"type":"leaf","values":[18.0,13.0]}
{"type":"internal","split":{"numCategories":2,"isLeft":false,"featureIndex":1,"categories":[1.0],"type":"categorical"}}
{"type":"leaf","values":[0.0,33.0]}
{"type":"leaf","values":[2.0,66.0]}
{"type":"internal","split":{"type":"continuous","featureIndex":5,"threshold":3.5}}
{"type":"internal","split":{"type":"continuous","featureIndex":7,"threshold":27.5}}
{"type":"leaf","values":[4.0,15.0]}
{"type":"leaf","values":[12.0,10.0]}
{"type":"leaf","values":[8.0,0.0]}
