{"type":"internal","split":{"numCategories":2,"isLeft":false,"featureIndex":3,"categories":[0.0],"type":"categorical"}}
{"type":"internal","split":{"numCategories":2,"isLeft":false,"featureIndex":2,"categories":[0.0],"type":"categorical"}}
{"type":"internal","split":{"type":"continuous","featureIndex":6,"threshold":0.5}}
{"type":"internal","split":{"type":"continuous","featureIndex":7,"threshold":29.34955882352941}}
{"type":"leaf","values":[3.0,6.0]}
{"type":"internal","split":{"type":"continuous","featureIndex":5,"threshold":0.5}}
{"type":"leaf","values":[10.0,1.0]}
{"type":"leaf","values":[1.0,0.0]}
{"type":"internal","split":{"type":"continuous","featureIndex":8,"threshold":7.6}}
{"type":"leaf","values":[2.0,0.0]}
{"type":"leaf","values":[0.0,12.0]}
{"type":"internal","split":{"numCategories":2,"isLeft":false,"featureIndex":0,"categories":[0.0],"type":"categorical"}}
{"type":"internal","split":{"type":"continuous","featureIndex":7,"threshold":15.5}}
{"type":"internal","split":{"type":"continuous","featureIndex":5,"threshold":1.5}}
{"type":"leaf","values":[0.0,6.0]}
{"type":"leaf","values":[11.0,0.0]}
{"type":"internal","split":{"type":"continuous","featureIndex":6,"threshold":0.5}}
{"type":"leaf","values":[148.0,25.0]}
{"type":"leaf","values":[24.0,0.0]}
{"type":"internal","split":{"numCategories":2,"isLeft":false,"featureIndex":1,"categories":[1.0],"type":"categorical"}}
{"type":"internal","split":{"type":"continuous","featureIndex":7,"threshold":29.84955882352941}}
{"type":"leaf","values":[9.0,18.0]}
{"type":"leaf","values":[3.0,0.0]}
{"type":"leaf","values":[42.0,27.0]}
{"type":"internal","split":{"numCategories":2,"isLeft":false,"featureIndex":0,"categories":[0.0],"type":"categorical"}}
{"type":"internal","split":{"type":"continuous","featureIndex":7,"threshold":17.5}}
{"type":"internal","split":{"type":"continuous","featureIndex":6,"threshold":0.5}}
{"type":"leaf","values":[1.0,0.0]}
{"type":"leaf","values":[0.0,12.0]}
{"type":"internal","split":{"type":"continuous","featureIndex":7,"threshold":28.25}}
{"type":"internal","split":{"type":"continuous","featureIndex":6,"threshold":0.5}}
{"type":"leaf","values":[23.0,12.0]}
{"type":"leaf","values":[1.0,0.0]}
{"type":"internal","split":{"numCategories":2,"isLeft":false,"featureIndex":2,"categories":[0.0],"type":"categorical"}}
{"type":"leaf","values":[22.0,6.0]}
{"type":"leaf","values":[66.0,10.0]}
{"type":"internal","split":{"numCategories":2,"isLeft":false,"featureIndex":1,"categories":[1.0],"type":"categorical"}}
{"type":"leaf","values":[0.0,35.0]}
{"type":"internal","split":{"type":"continuous","featureIndex":6,"threshold":0.5}}
{"type":"internal","split":{"numCategories":2,"isLeft":false,"featureIndex":4,"categories":[0.0],"type":"categorical"}}
{"type":"leaf","values":[0.0,15.0]}
{"type":"leaf","values":[8.0,27.0]}
{"type":"internal","split":{"type":"continuous","featureIndex":7,"threshold":3.5}}
{"type":"leaf","values":[1.0,0.0]}
{"type":"leaf","values":[0.0,28.0]}
