{"type":"internal","split":{"numCategories":2,"isLeft":false,"featureIndex":3,"categories":[0.0],"type":"categorical"}}
{"type":"internal","split":{"numCategories":2,"isLeft":false,"featureIndex":0,"categories":[0.0],"type":"categorical"}}
{"type":"internal","split":{"type":"continuous","featureIndex":5,"threshold":0.5}}
{"type":"internal","split":{"type":"continuous","featureIndex":8,"threshold":20.7875}}
{"type":"internal","split":{"type":"continuous","featureIndex":7,"threshold":18.5}}
{"type":"leaf","values":[10.0,4.0]}
{"type":"leaf","values":[161.0,19.0]}
{"type":"leaf","values":[1.0,3.0]}
{"type":"internal","split":{"type":"continuous","featureIndex":8,"threshold":20.7875}}
{"type":"internal","split":{"type":"continuous","featureIndex":8,"threshold":14.47915}}
{"type":"leaf","values":[12.0,2.0]}
{"type":"leaf","values":[12.0,14.0]}
{"type":"internal","split":{"type":"continuous","featureIndex":5,"threshold":2.5}}
{"type":"leaf","values":[10.0,1.0]}
{"type":"leaf","values":[17.0,0.0]}
{"type":"internal","split":{"numCategories":2,"isLeft":false,"featureIndex":1,"categories":[1.0],"type":"categorical"}}
{"type":"internal","split":{"type":"continuous","featureIndex":7,"threshold":21.5}}
{"type":"internal","split":{"type":"continuous","featureIndex":5,"threshold":0.5}}
{"type":"leaf","values":[2.0,4.0]}
{"type":"leaf","values":[4.0,1.0]}
{"type":"internal","split":{"type":"continuous","featureIndex":8,"threshold":14.47915}}
{"type":"leaf","values":[3.0,14.0]}
{"type":"leaf","values":[0.0,10.0]}
{"type":"internal","split":{"type":"continuous","featureIndex":8,"threshold":20.7875}}
{"type":"internal","split":{"type":"continuous","featureIndex":6,"threshold":1.5}}
{"type":"leaf","values":[16.0,23.0]}
{"type":"leaf","values":[0.0,3.0]}
{"type":"internal","split":{"type":"continuous","featureIndex":7,"threshold":8.5}}
{"type":"leaf","values":[2.0,3.0]}
{"type":"leaf","values":[12.0,1.0]}
{"type":"internal","split":{"type":"continuous","featureIndex":6,"threshold":0.5}}
{"type":"internal","split":{"type":"continuous","featureIndex":8,"threshold":92.28960000000001}}
{"type":"internal","split":{"type":"continuous","featureIndex":8,"threshold":6.9979}}
{"type":"leaf","values":[9.0,0.0]}
{"type":"internal","split":{"numCategories":2,"isLeft":false,"featureIndex":0,"categories":[0.0],"type":"categorical"}}
{"type":"leaf","values":[87.0,39.0]}
{"type":"leaf","values":[6.0,66.0]}
{"type":"leaf","values":[0.0,16.0]}
{"type":"internal","split":{"type":"continuous","featureIndex":8,"threshold":12.9375}}
{"type":"leaf","values":[1.0,0.0]}
{"type":"internal","split":{"numCategories":2,"isLeft":false,"featureIndex":0,"categories":[0.0],"type":"categorical"}}
{"type":"internal","split":{"type":"continuous","featureIndex":8,"threshold":18.76875}}
{"type":"leaf","values":[0.0,5.0]}
{"type":"leaf","values":[13.0,8.0]}
{"type":"internal","split":{"numCategories":2,"isLeft":false,"featureIndex":4,"categories":[1.0],"type":"categorical"}}
{"type":"leaf","values":[1.0,20.0]}
{"type":"leaf","values":[4.0,27.0]}
