{"type":"internal","split":{"type":"continuous","featureIndex":8,"threshold":50.491699999999994}}
{"type":"internal","split":{"numCategories":2,"isLeft":false,"featureIndex":0,"categories":[0.0],"type":"categorical"}}
{"type":"internal","split":{"type":"continuous","featureIndex":7,"threshold":8.5}}
{"type":"internal","split":{"type":"continuous","featureIndex":8,"threshold":37.7521}}
{"type":"internal","split":{"numCategories":2,"isLeft":false,"featureIndex":1,"categories":[1.0],"type":"categorical"}}
{"type":"leaf","values":[1.0,0.0]}
{"type":"leaf","values":[0.0,9.0]}
{"type":"leaf","values":[1.0,0.0]}
{"type":"internal","split":{"type":"continuous","featureIndex":6,"threshold":1.5}}
{"type":"internal","split":{"type":"continuous","featureIndex":7,"threshold":29.84955882352941}}
{"type":"leaf","values":[170.0,27.0]}
{"type":"leaf","values":[76.0,26.0]}
{"type":"leaf","values":[12.0,0.0]}
{"type":"internal","split":{"type":"continuous","featureIndex":6,"threshold":0.5}}
{"type":"internal","split":{"numCategories":2,"isLeft":false,"featureIndex":3,"categories":[0.0],"type":"categorical"}}
{"type":"internal","split":{"type":"continuous","featureIndex":8,"threshold":7.7625}}
{"type":"leaf","values":[6.0,15.0]}
{"type":"leaf","values":[23.0,20.0]}
{"type":"internal","split":{"type":"continuous","featureIndex":8,"threshold":10.825}}
{"type":"leaf","values":[2.0,9.0]}
{"type":"leaf","values":[2.0,35.0]}
{"type":"internal","split":{"type":"continuous","featureIndex":5,"threshold":2.5}}
{"type":"internal","split":{"type":"continuous","featureIndex":8,"threshold":10.825}}
{"type":"leaf","values":[7.0,0.0]}
{"type":"leaf","values":[21.0,23.0]}
{"type":"internal","split":{"type":"continuous","featureIndex":8,"threshold":31.331249999999997}}
{"type":"leaf","values":[7.0,0.0]}
{"type":"leaf","values":[3.0,1.0]}
{"type":"internal","split":{"type":"continuous","featureIndex":8,"threshold":92.28960000000001}}
{"type":"internal","split":{"type":"continuous","featureIndex":6,"threshold":0.5}}
{"type":"internal","split":{"type":"continuous","featureIndex":5,"threshold":1.5}}
{"type":"internal","split":{"numCategories":2,"isLeft":false,"featureIndex":1,"categories":[1.0],"type":"categorical"}}
{"type":"leaf","values":[2.0,15.0]}
{"type":"leaf","values":[12.0,26.0]}
{"type":"internal","split":{"numCategories":2,"isLeft":false,"featureIndex":0,"categories":[0.0],"type":"categorical"}}
{"type":"leaf","values":[10.0,0.0]}
{"type":"leaf","values":[0.0,1.0]}
{"type":"internal","split":{"type":"continuous","featureIndex":7,"threshold":50.5}}
{"type":"internal","split":{"numCategories":2,"isLeft":false,"featureIndex":4,"categories":[1.0],"type":"categorical"}}
{"type":"leaf","values":[6.0,2.0]}
{"type":"leaf","values":[1.0,8.0]}
{"type":"internal","split":{"type":"continuous","featureIndex":8,"threshold":78.1125}}
{"type":"leaf","values":[6.0,0.0]}
{"type":"leaf","values":[2.0,1.0]}
{"type":"internal","split":{"numCategories":2,"isLeft":false,"featureIndex":0,"categories":[0.0],"type":"categorical"}}
{"type":"internal","split":{"numCategories":2,"isLeft":false,"featureIndex":2,"categories":[1.0],"type":"categorical"}}
{"type":"internal","split":{"type":"continuous","featureIndex":5,"threshold":0.5}}
{"type":"leaf","values":[1.0,0.0]}
{"type":"leaf","values":[0.0,3.0]}
{"type":"internal","split":{"type":"continuous","featureIndex":5,"threshold":0.5}}
{"type":"leaf","values":[1.0,3.0]}
{"type":"leaf","values":[1.0,0.0]}
{"type":"internal","split":{"numCategories":2,"isLeft":false,"featureIndex":1,"categories":[0.0],"type":"categorical"}}
{"type":"internal","split":{"type":"continuous","featureIndex":5,"threshold":0.5}}
{"type":"leaf","values":[0.0,8.0]}
{"type":"leaf","values":[2.0,4.0]}
{"type":"leaf","values":[0.0,20.0]}
