{"type":"internal","split":{"numCategories":2,"isLeft":false,"featureIndex":0,"categories":[0.0],"type":"categorical"}}
{"type":"internal","split":{"type":"continuous","featureIndex":7,"threshold":8.5}}
{"type":"internal","split":{"type":"continuous","featureIndex":8,"threshold":20.7875}}
{"type":"leaf","values":[0.0,6.0]}
{"type":"internal","split":{"numCategories":2,"isLeft":false,"featureIndex":3,"categories":[0.0],"type":"categorical"}}
{"type":"leaf","values":[3.0,0.0]}
{"type":"leaf","values":[0.0,6.0]}
{"type":"internal","split":{"type":"continuous","featureIndex":8,"threshold":26.125}}
{"type":"internal","split":{"numCategories":2,"isLeft":false,"featureIndex":1,"categories":[1.0],"type":"categorical"}}
{"type":"internal","split":{"type":"continuous","featureIndex":8,"threshold":15.64585}}
{"type":"leaf","values":[54.0,5.0]}
{"type":"leaf","values":[7.0,6.0]}
{"type":"internal","split":{"type":"continuous","featureIndex":7,"threshold":32.25}}
{"type":"leaf","values":[149.0,20.0]}
{"type":"leaf","values":[65.0,1.0]}
{"type":"internal","split":{"type":"continuous","featureIndex":7,"threshold":21.5}}
{"type":"internal","split":{"type":"continuous","featureIndex":6,"threshold":1.5}}
{"type":"leaf","values":[12.0,0.0]}
{"type":"leaf","values":[1.0,2.0]}
{"type":"internal","split":{"type":"continuous","featureIndex":5,"threshold":1.5}}
{"type":"leaf","values":[44.0,39.0]}
{"type":"leaf","values":[5.0,0.0]}
{"type":"internal","split":{"numCategories":2,"isLeft":false,"featureIndex":4,"categories":[0.0],"type":"categorical"}}
{"type":"internal","split":{"type":"continuous","featureIndex":7,"threshold":3.5}}
{"type":"leaf","values":[2.0,0.0]}
{"type":"internal","split":{"numCategories":2,"isLeft":false,"featureIndex":2,"categories":[0.0],"type":"categorical"}}
{"type":"leaf","values":[0.0,22.0]}
{"type":"internal","split":{"type":"continuous","featureIndex":7,"threshold":25.5}}
{"type":"leaf","values":[2.0,16.0]}
{"type":"leaf","values":[0.0,26.0]}
{"type":"internal","split":{"numCategories":2,"isLeft":false,"featureIndex":3,"categories":[1.0],"type":"categorical"}}
{"type":"leaf","values":[5.0,50.0]}
{"type":"internal","split":{"type":"continuous","featureIndex":8,"threshold":20.7875}}
{"type":"internal","split":{"type":"continuous","featureIndex":6,"threshold":1.5}}
{"type":"leaf","values":[27.0,57.0]}
{"type":"leaf","values":[0.0,2.0]}
{"type":"internal","split":{"type":"continuous","featureIndex":7,"threshold":8.5}}
{"type":"leaf","values":[3.0,2.0]}
{"type":"leaf","values":[17.0,1.0]}
