{"type":"internal","split":{"numCategories":2,"isLeft":false,"featureIndex":3,"categories":[0.0],"type":"categorical"}}
{"type":"internal","split":{"numCategories":2,"isLeft":false,"featureIndex":1,"categories":[1.0],"type":"categorical"}}
{"type":"internal","split":{"type":"continuous","featureIndex":7,"threshold":29.84955882352941}}
{"type":"internal","split":{"type":"continuous","featureIndex":8,"threshold":7.74585}}
{"type":"internal","split":{"type":"continuous","featureIndex":8,"threshold":7.2271}}
{"type":"leaf","values":[9.0,0.0]}
{"type":"leaf","values":[12.0,4.0]}
{"type":"internal","split":{"type":"continuous","featureIndex":7,"threshold":15.5}}
{"type":"leaf","values":[6.0,2.0]}
{"type":"leaf","values":[15.0,24.0]}
{"type":"leaf","values":[6.0,0.0]}
{"type":"internal","split":{"numCategories":2,"isLeft":false,"featureIndex":0,"categories":[0.0],"type":"categorical"}}
{"type":"internal","split":{"type":"continuous","featureIndex":8,"threshold":50.491699999999994}}
{"type":"internal","split":{"type":"continuous","featureIndex":7,"threshold":8.5}}
{"type":"leaf","values":[2.0,4.0]}
{"type":"leaf","values":[129.0,14.0]}
{"type":"internal","split":{"type":"continuous","featureIndex":6,"threshold":0.5}}
{"type":"leaf","values":[1.0,3.0]}
{"type":"leaf","values":[3.0,0.0]}
{"type":"internal","split":{"type":"continuous","featureIndex":8,"threshold":20.7875}}
{"type":"internal","split":{"type":"continuous","featureIndex":8,"threshold":10.825}}
{"type":"leaf","values":[18.0,14.0]}
{"type":"leaf","values":[3.0,15.0]}
{"type":"internal","split":{"type":"continuous","featureIndex":7,"threshold":8.5}}
{"type":"leaf","values":[5.0,3.0]}
{"type":"leaf","values":[21.0,1.0]}
{"type":"internal","split":{"type":"continuous","featureIndex":5,"threshold":0.5}}
{"type":"internal","split":{"type":"continuous","featureIndex":6,"threshold":0.5}}
{"type":"internal","split":{"numCategories":2,"isLeft":false,"featureIndex":1,"categories":[1.0],"type":"categorical"}}
{"type":"internal","split":{"numCategories":2,"isLeft":false,"featureIndex":0,"categories":[0.0],"type":"categorical"}}
{"type":"leaf","values":[10.0,5.0]}
{"type":"leaf","values":[0.0,12.0]}
{"type":"internal","split":{"type":"continuous","featureIndex":8,"threshold":6.9979}}
{"type":"leaf","values":[14.0,0.0]}
{"type":"leaf","values":[63.0,48.0]}
{"type":"internal","split":{"type":"continuous","featureIndex":7,"threshold":25.5}}
{"type":"internal","split":{"numCategories":2,"isLeft":false,"featureIndex":4,"categories":[0.0],"type":"categorical"}}
{"type":"leaf","values":[1.0,8.0]}
{"type":"leaf","values":[0.0,14.0]}
{"type":"internal","split":{"type":"continuous","featureIndex":6,"threshold":1.5}}
{"type":"leaf","values":[3.0,6.0]}
{"type":"leaf","values":[2.0,1.0]}
{"type":"internal","split":{"numCategories":2,"isLeft":false,"featureIndex":0,"categories":[0.0],"type":"categorical"}}
{"type":"internal","split":{"type":"continuous","featureIndex":5,"threshold":1.5}}
{"type":"internal","split":{"type":"continuous","featureIndex":7,"threshold":27.5}}
{"type":"leaf","values":[0.0,12.0]}
{"type":"leaf","values":[18.0,3.0]}
{"type":"internal","split":{"type":"continuous","featureIndex":6,"threshold":0.5}}
{"type":"leaf","values":[2.0,2.0]}
{"type":"leaf","values":[1.0,0.0]}
{"type":"internal","split":{"numCategories":2,"isLeft":false,"featureIndex":2,"categories":[0.0],"type":"categorical"}}
{"type":"leaf","values":[0.0,17.0]}
{"type":"internal","split":{"type":"continuous","featureIndex":7,"threshold":41.5}}
{"type":"leaf","values":[2.0,26.0]}
{"type":"leaf","values":[2.0,6.0]}
