{"type":"internal","split":{"numCategories":2,"isLeft":false,"featureIndex":2,"categories":[0.0],"type":"categorical"}}
{"type":"internal","split":{"type":"continuous","featureIndex":8,"threshold":14.47915}}
{"type":"internal","split":{"type":"continuous","featureIndex":8,"threshold":6.9979}}
{"type":"leaf","values":[3.0,0.0]}
{"type":"internal","split":{"type":"continuous","featureIndex":8,"threshold":7.9104}}
{"type":"leaf","values":[3.0,6.0]}
{"type":"internal","split":{"numCategories":2,"isLeft":false,"featureIndex":3,"categories":[0.0],"type":"categorical"}}
{"type":"leaf","values":[7.0,1.0]}
{"type":"leaf","values":[0.0,3.0]}
{"type":"internal","split":{"numCategories":2,"isLeft":false,"featureIndex":3,"categories":[0.0],"type":"categorical"}}
{"type":"internal","split":{"type":"continuous","featureIndex":8,"threshold":15.64585}}
{"type":"leaf","values":[1.0,3.0]}
{"type":"leaf","values":[0.0,10.0]}
{"type":"internal","split":{"numCategories":2,"isLeft":false,"featureIndex":0,"categories":[0.0],"type":"categorical"}}
{"type":"internal","split":{"type":"continuous","featureIndex":6,"threshold":0.5}}
{"type":"leaf","values":[9.0,13.0]}
{"type":"leaf","values":[8.0,1.0]}
{"type":"leaf","values":[0.0,31.0]}
{"type":"internal","split":{"type":"continuous","featureIndex":8,"threshold":50.491699999999994}}
{"type":"internal","split":{"numCategories":2,"isLeft":false,"featureIndex":0,"categories":[0.0],"type":"categorical"}}
{"type":"internal","split":{"type":"continuous","featureIndex":8,"threshold":7.9104}}
{"type":"internal","split":{"type":"continuous","featureIndex":7,"threshold":29.34955882352941}}
{"type":"leaf","values":[44.0,7.0]}
{"type":"leaf","values":[47.0,0.0]}
{"type":"internal","split":{"numCategories":2,"isLeft":false,"featureIndex":4,"categories":[0.0],"type":"categorical"}}
{"type":"leaf","values":[20.0,6.0]}
{"type":"leaf","values":[149.0,32.0]}
{"type":"internal","split":{"type":"continuous","featureIndex":5,"threshold":0.5}}
{"type":"internal","split":{"type":"continuous","featureIndex":7,"threshold":23.5}}
{"type":"leaf","values":[3.0,32.0]}
{"type":"leaf","values":[16.0,45.0]}
{"type":"internal","split":{"numCategories":2,"isLeft":false,"featureIndex":3,"categories":[0.0],"type":"categorical"}}
{"type":"leaf","values":[23.0,9.0]}
{"type":"leaf","values":[7.0,19.0]}
{"type":"internal","split":{"numCategories":2,"isLeft":false,"featureIndex":0,"categories":[0.0],"type":"categorical"}}
{"type":"internal","split":{"numCategories":2,"isLeft":false,"featureIndex":1,"categories":[1.0],"type":"categorical"}}
{"type":"leaf","values":[2.0,0.0]}
{"type":"internal","split":{"numCategories":2,"isLeft":false,"featureIndex":4,"categories":[1.0],"type":"categorical"}}
{"type":"leaf","values":[4.0,6.0]}
{"type":"leaf","values":[13.0,6.0]}
{"type":"internal","split":{"numCategories":2,"isLeft":false,"featureIndex":3,"categories":[0.0],"type":"categorical"}}
{"type":"leaf","values":[3.0,0.0]}
{"type":"internal","split":{"type":"continuous","featureIndex":7,"threshold":3.5}}
{"type":"leaf","values":[2.0,0.0]}
{"type":"leaf","values":[1.0,26.0]}
