{"type":"internal","split":{"numCategories":2,"isLeft":false,"featureIndex":0,"categories":[0.0],"type":"categorical"}}
{"type":"internal","split":{"type":"continuous","featureIndex":5,"threshold":0.5}}
{"type":"internal","split":{"numCategories":2,"isLeft":false,"featureIndex":4,"categories":[0.0],"type":"categorical"}}
{"type":"internal","split":{"numCategories":2,"isLeft":false,"featureIndex":1,"categories":[1.0],"type":"categorical"}}
{"type":"internal","split":{"type":"continuous","featureIndex":8,"threshold":69.425}}
{"type":"leaf","values":[13.0,4.0]}
{"type":"leaf","values":[0.0,3.0]}
{"type":"internal","split":{"type":"continuous","featureIndex":6,"threshold":0.5}}
{"type":"leaf","values":[25.0,8.0]}
{"type":"leaf","values":[3.0,0.0]}
{"type":"internal","split":{"numCategories":2,"isLeft":false,"featureIndex":3,"categories":[1.0],"type":"categorical"}}
{"type":"internal","split":{"type":"continuous","featureIndex":7,"threshold":20.25}}
{"type":"leaf","values":[6.0,2.0]}
{"type":"leaf","values":[51.0,2.0]}
{"type":"internal","split":{"type":"continuous","featureIndex":8,"threshold":18.76875}}
{"type":"leaf","values":[133.0,25.0]}
{"type":"leaf","values":[6.0,6.0]}
{"type":"internal","split":{"type":"continuous","featureIndex":6,"threshold":0.5}}
{"type":"internal","split":{"numCategories":2,"isLeft":false,"featureIndex":1,"categories":[0.0],"type":"categorical"}}
{"type":"internal","split":{"type":"continuous","featureIndex":5,"threshold":1.5}}
{"type":"leaf","values":[31.0,3.0]}
{"type":"leaf","values":[2.0,2.0]}
{"type":"internal","split":{"type":"continuous","featureIndex":5,"threshold":1.5}}
{"type":"leaf","values":[5.0,5.0]}
{"type":"leaf","values":[3.0,1.0]}
{"type":"internal","split":{"type":"continuous","featureIndex":8,"threshold":18.76875}}
{"type":"internal","split":{"type":"continuous","featureIndex":8,"threshold":12.9375}}
{"type":"leaf","values":[3.0,0.0]}
{"type":"leaf","values":[0.0,14.0]}
{"type":"internal","split":{"numCategories":2,"isLeft":false,"featureIndex":4,"categories":[0.0],"type":"categorical"}}
{"type":"leaf","values":[2.0,3.0]}
{"type":"leaf","values":[26.0,4.0]}
{"type":"internal","split":{"numCategories":2,"isLeft":false,"featureIndex":3,"categories":[0.0],"type":"categorical"}}
{"type":"internal","split":{"type":"continuous","featureIndex":8,"threshold":20.7875}}
{"type":"internal","split":{"type":"continuous","featureIndex":5,"threshold":0.5}}
{"type":"internal","split":{"type":"continuous","featureIndex":7,"threshold":3.5}}
{"type":"leaf","values":[2.0,0.0]}
{"type":"leaf","values":[13.0,38.0]}
{"type":"internal","split":{"type":"continuous","featureIndex":7,"threshold":36.25}}
{"type":"leaf","values":[13.0,16.0]}
{"type":"leaf","values":[3.0,0.0]}
{"type":"internal","split":{"type":"continuous","featureIndex":7,"threshold":8.5}}
{"type":"internal","split":{"type":"continuous","featureIndex":8,"threshold":31.331249999999997}}
{"type":"leaf","values":[7.0,0.0]}
{"type":"leaf","values":[0.0,1.0]}
{"type":"leaf","values":[12.0,0.0]}
{"type":"internal","split":{"numCategories":2,"isLeft":false,"featureIndex":1,"categories":[1.0],"type":"categorical"}}
{"type":"leaf","values":[0.0,42.0]}
{"type":"internal","split":{"numCategories":2,"isLeft":false,"featureIndex":4,"categories":[0.0],"type":"categorical"}}
{"type":"internal","split":{"type":"continuous","featureIndex":5,"threshold":0.5}}
{"type":"leaf","values":[0.0,19.0]}
{"type":"leaf","values":[1.0,20.0]}
{"type":"internal","split":{"type":"continuous","featureIndex":5,"threshold":0.5}}
{"type":"leaf","values":[4.0,28.0]}
{"type":"leaf","values":[4.0,15.0]}
