{"type":"internal","split":{"numCategories":2,"isLeft":false,"featureIndex":3,"categories":[0.0],"type":"categorical"}}
{"type":"internal","split":{"numCategories":2,"isLeft":false,"featureIndex":2,"categories":[0.0],"type":"categorical"}}
{"type":"internal","split":{"numCategories":2,"isLeft":false,"featureIndex":0,"categories":[0.0],"type":"categorical"}}
{"type":"internal","split":{"type":"continuous","featureIndex":8,"threshold":14.47915}}
{"type":"leaf","values":[22.0,9.0]}
{"type":"internal","split":{"type":"continuous","featureIndex":8,"threshold":15.64585}}
{"type":"leaf","values":[0.0,3.0]}
{"type":"leaf","values":[1.0,0.0]}
{"type":"leaf","values":[0.0,17.0]}
{"type":"internal","split":{"type":"continuous","featureIndex":5,"threshold":1.5}}
{"type":"internal","split":{"type":"continuous","featureIndex":8,"threshold":10.825}}
{"type":"internal","split":{"numCategories":2,"isLeft":false,"featureIndex":1,"categories":[1.0],"type":"categorical"}}
{"type":"leaf","values":[32.0,18.0]}
{"type":"leaf","values":[138.0,30.0]}
{"type":"internal","split":{"numCategories":2,"isLeft":false,"featureIndex":0,"categories":[0.0],"type":"categorical"}}
{"type":"leaf","values":[22.0,7.0]}
{"type":"leaf","values":[6.0,20.0]}
{"type":"leaf","values":[41.0,0.0]}
{"type":"internal","split":{"type":"continuous","featureIndex":6,"threshold":0.5}}
{"type":"internal","split":{"numCategories":2,"isLeft":false,"featureIndex":1,"categories":[1.0],"type":"categorical"}}
{"type":"internal","split":{"type":"continuous","featureIndex":8,"threshold":29.0625}}
{"type":"internal","split":{"type":"continuous","featureIndex":8,"threshold":14.47915}}
{"type":"leaf","values":[0.0,3.0]}
{"type":"leaf","values":[5.0,2.0]}
{"type":"internal","split":{"type":"continuous","featureIndex":7,"threshold":18.5}}
{"type":"leaf","values":[2.0,1.0]}
{"type":"leaf","values":[4.0,38.0]}
{"type":"internal","split":{"type":"continuous","featureIndex":8,"threshold":92.28960000000001}}
{"type":"internal","split":{"type":"continuous","featureIndex":8,"threshold":6.9979}}
{"type":"leaf","values":[7.0,0.0]}
{"type":"leaf","values":[83.0,62.0]}
{"type":"leaf","values":[0.0,5.0]}
{"type":"internal","split":{"type":"continuous","featureIndex":6,"threshold":1.5}}
{"type":"internal","split":{"numCategories":2,"isLeft":false,"featureIndex":0,"categories":[0.0],"type":"categorical"}}
{"type":"internal","split":{"numCategories":2,"isLeft":false,"featureIndex":1,"categories":[1.0],"type":"categorical"}}
{"type":"leaf","values":[7.0,2.0]}
{"type":"leaf","values":[7.0,6.0]}
{"type":"internal","split":{"numCategories":2,"isLeft":false,"featureIndex":4,"categories":[1.0],"type":"categorical"}}
{"type":"leaf","values":[1.0,11.0]}
{"type":"leaf","values":[0.0,18.0]}
{"type":"internal","split":{"type":"continuous","featureIndex":7,"threshold":31.5}}
{"type":"internal","split":{"type":"continuous","featureIndex":5,"threshold":0.5}}
{"type":"leaf","values":[0.0,17.0]}
{"type":"leaf","values":[2.0,3.0]}
{"type":"internal","split":{"type":"continuous","featureIndex":5,"threshold":0.5}}
{"type":"leaf","values":[1.0,4.0]}
{"type":"leaf","values":[3.0,4.0]}
