{"type":"internal","split":{"type":"continuous","featureIndex":8,"threshold":15.64585}}
{"type":"internal","split":{"numCategories":2,"isLeft":false,"featureIndex":3,"categories":[1.0],"type":"categorical"}}
{"type":"internal","split":{"type":"continuous","featureIndex":7,"threshold":17.5}}
{"type":"leaf","values":[0.0,1.0]}
{"type":"internal","split":{"numCategories":2,"isLeft":false,"featureIndex":0,"categories":[0.0],"type":"categorical"}}
{"type":"leaf","values":[50.0,0.0]}
{"type":"internal","split":{"type":"continuous","featureIndex":7,"threshold":47.5}}
{"type":"leaf","values":[2.0,9.0]}
{"type":"leaf","values":[1.0,0.0]}
{"type":"internal","split":{"numCategories":2,"isLeft":false,"featureIndex":1,"categories":[1.0],"type":"categorical"}}
{"type":"internal","split":{"numCategories":2,"isLeft":false,"featureIndex":0,"categories":[0.0],"type":"categorical"}}
{"type":"internal","split":{"type":"continuous","featureIndex":7,"threshold":29.34955882352941}}
{"type":"leaf","values":[9.0,6.0]}
{"type":"leaf","values":[34.0,1.0]}
{"type":"internal","split":{"type":"continuous","featureIndex":6,"threshold":0.5}}
{"type":"leaf","values":[10.0,19.0]}
{"type":"leaf","values":[5.0,0.0]}
{"type":"internal","split":{"type":"continuous","featureIndex":7,"threshold":18.5}}
{"type":"internal","split":{"type":"continuous","featureIndex":5,"threshold":0.5}}
{"type":"leaf","values":[9.0,12.0]}
{"type":"leaf","values":[1.0,0.0]}
{"type":"internal","split":{"type":"continuous","featureIndex":6,"threshold":1.5}}
{"type":"leaf","values":[117.0,23.0]}
{"type":"leaf","values":[0.0,2.0]}
{"type":"internal","split":{"numCategories":2,"isLeft":false,"featureIndex":0,"categories":[0.0],"type":"categorical"}}
{"type":"internal","split":{"type":"continuous","featureIndex":5,"threshold":1.5}}
{"type":"internal","split":{"type":"continuous","featureIndex":7,"threshold":17.5}}
{"type":"leaf","values":[0.0,16.0]}
{"type":"internal","split":{"numCategories":2,"isLeft":false,"featureIndex":2,"categories":[0.0],"type":"categorical"}}
{"type":"leaf","values":[10.0,13.0]}
{"type":"leaf","values":[65.0,25.0]}
{"type":"internal","split":{"type":"continuous","featureIndex":8,"threshold":24.808349999999997}}
{"type":"internal","split":{"numCategories":2,"isLeft":false,"featureIndex":1,"categories":[0.0],"type":"categorical"}}
{"type":"leaf","values":[3.0,0.0]}
{"type":"leaf","values":[0.0,1.0]}
{"type":"leaf","values":[17.0,0.0]}
{"type":"internal","split":{"numCategories":2,"isLeft":false,"featureIndex":3,"categories":[0.0],"type":"categorical"}}
{"type":"internal","split":{"type":"continuous","featureIndex":5,"threshold":1.5}}
{"type":"internal","split":{"type":"continuous","featureIndex":6,"threshold":3.5}}
{"type":"leaf","values":[5.0,14.0]}
{"type":"leaf","values":[3.0,1.0]}
{"type":"internal","split":{"type":"continuous","featureIndex":8,"threshold":18.76875}}
{"type":"leaf","values":[0.0,2.0]}
{"type":"leaf","values":[13.0,1.0]}
{"type":"internal","split":{"type":"continuous","featureIndex":8,"threshold":24.808349999999997}}
{"type":"internal","split":{"type":"continuous","featureIndex":6,"threshold":0.5}}
{"type":"leaf","values":[2.0,2.0]}
{"type":"leaf","values":[0.0,3.0]}
{"type":"internal","split":{"type":"continuous","featureIndex":8,"threshold":26.125}}
{"type":"leaf","values":[1.0,10.0]}
{"type":"leaf","values":[1.0,69.0]}
