{"type":"internal","split":{"numCategories":2,"isLeft":false,"featureIndex":4,"categories":[0.0],"type":"categorical"}}
{"type":"internal","split":{"type":"continuous","featureIndex":8,"threshold":50.491699999999994}}
{"type":"internal","split":{"numCategories":2,"isLeft":false,"featureIndex":1,"categories":[1.0],"type":"categorical"}}
{"type":"internal","split":{"numCategories":2,"isLeft":false,"featureIndex":0,"categories":[0.0],"type":"categorical"}}
{"type":"internal","split":{"type":"continuous","featureIndex":8,"threshold":31.331249999999997}}
{"type":"leaf","values":[2.0,6.0]}
{"type":"leaf","values":[2.0,0.0]}
{"type":"leaf","values":[0.0,7.0]}
{"type":"internal","split":{"numCategories":2,"isLeft":false,"featureIndex":0,"categories":[1.0],"type":"categorical"}}
{"type":"leaf","values":[0.0,3.0]}
{"type":"leaf","values":[21.0,10.0]}
{"type":"internal","split":{"type":"continuous","featureIndex":8,"threshold":92.28960000000001}}
{"type":"internal","split":{"type":"continuous","featureIndex":7,"threshold":44.5}}
{"type":"internal","split":{"numCategories":2,"isLeft":false,"featureIndex":2,"categories":[0.0],"type":"categorical"}}
{"type":"leaf","values":[1.0,11.0]}
{"type":"leaf","values":[6.0,28.0]}
{"type":"internal","split":{"numCategories":2,"isLeft":false,"featureIndex":2,"categories":[1.0],"type":"categorical"}}
{"type":"leaf","values":[7.0,2.0]}
{"type":"leaf","values":[5.0,8.0]}
{"type":"internal","split":{"type":"continuous","featureIndex":6,"threshold":1.5}}
{"type":"internal","split":{"numCategories":2,"isLeft":false,"featureIndex":0,"categories":[0.0],"type":"categorical"}}
{"type":"leaf","values":[2.0,4.0]}
{"type":"leaf","values":[0.0,25.0]}
{"type":"internal","split":{"numCategories":2,"isLeft":false,"featureIndex":0,"categories":[1.0],"type":"categorical"}}
{"type":"leaf","values":[3.0,3.0]}
{"type":"leaf","values":[0.0,3.0]}
{"type":"internal","split":{"numCategories":2,"isLeft":false,"featureIndex":0,"categories":[0.0],"type":"categorical"}}
{"type":"internal","split":{"numCategories":2,"isLeft":false,"featureIndex":2,"categories":[0.0],"type":"categorical"}}
{"type":"internal","split":{"type":"continuous","featureIndex":6,"threshold":0.5}}
{"type":"internal","split":{"type":"continuous","featureIndex":8,"threshold":7.2271}}
{"type":"leaf","values":[10.0,1.0]}
{"type":"leaf","values":[18.0,5.0]}
{"type":"leaf","values":[0.0,5.0]}
{"type":"internal","split":{"type":"continuous","featureIndex":6,"threshold":0.5}}
{"type":"internal","split":{"numCategories":2,"isLeft":false,"featureIndex":3,"categories":[1.0],"type":"categorical"}}
{"type":"leaf","values":[60.0,2.0]}
{"type":"leaf","values":[158.0,20.0]}
{"type":"internal","split":{"numCategories":2,"isLeft":false,"featureIndex":1,"categories":[1.0],"type":"categorical"}}
{"type":"leaf","values":[2.0,0.0]}
{"type":"leaf","values":[30.0,16.0]}
{"type":"internal","split":{"type":"continuous","featureIndex":5,"threshold":0.5}}
{"type":"internal","split":{"type":"continuous","featureIndex":7,"threshold":28.25}}
{"type":"internal","split":{"type":"continuous","featureIndex":7,"threshold":3.5}}
{"type":"leaf","values":[1.0,0.0]}
{"type":"leaf","values":[8.0,32.0]}
{"type":"internal","split":{"type":"continuous","featureIndex":8,"threshold":7.6}}
{"type":"leaf","values":[2.0,0.0]}
{"type":"leaf","values":[13.0,19.0]}
{"type":"internal","split":{"numCategories":2,"isLeft":false,"featureIndex":2,"categories":[0.0],"type":"categorical"}}
{"type":"internal","split":{"type":"continuous","featureIndex":6,"threshold":0.5}}
{"type":"leaf","values":[3.0,0.0]}
{"type":"leaf","values":[2.0,3.0]}
{"type":"internal","split":{"type":"continuous","featureIndex":6,"threshold":1.5}}
{"type":"leaf","values":[18.0,24.0]}
{"type":"leaf","values":[14.0,3.0]}
