{"type":"internal","split":{"type":"continuous","featureIndex":7,"threshold":8.5}}
{"type":"internal","split":{"type":"continuous","featureIndex":5,"threshold":2.5}}
{"type":"internal","split":{"numCategories":2,"isLeft":false,"featureIndex":3,"categories":[0.0],"type":"categorical"}}
{"type":"internal","split":{"numCategories":2,"isLeft":false,"featureIndex":0,"categories":[0.0],"type":"categorical"}}
{"type":"leaf","values":[0.0,2.0]}
{"type":"internal","split":{"type":"continuous","featureIndex":7,"threshold":3.5}}
{"type":"leaf","values":[3.0,1.0]}
{"type":"leaf","values":[0.0,4.0]}
{"type":"leaf","values":[0.0,24.0]}
{"type":"internal","split":{"type":"continuous","featureIndex":6,"threshold":1.5}}
{"type":"leaf","values":[5.0,0.0]}
{"type":"leaf","values":[1.0,1.0]}
{"type":"internal","split":{"numCategories":2,"isLeft":false,"featureIndex":3,"categories":[0.0],"type":"categorical"}}
{"type":"internal","split":{"numCategories":2,"isLeft":false,"featureIndex":2,"categories":[0.0],"type":"categorical"}}
{"type":"internal","split":{"numCategories":2,"isLeft":false,"featureIndex":0,"categories":[0.0],"type":"categorical"}}
{"type":"internal","split":{"type":"continuous","featureIndex":8,"threshold":7.6}}
{"type":"leaf","values":[10.0,2.0]}
{"type":"leaf","values":[5.0,3.0]}
{"type":"internal","split":{"type":"continuous","featureIndex":8,"threshold":12.9375}}
{"type":"leaf","values":[0.0,6.0]}
{"type":"leaf","values":[11.0,0.0]}
{"type":"internal","split":{"type":"continuous","featureIndex":5,"threshold":3.5}}
{"type":"internal","split":{"numCategories":2,"isLeft":false,"featureIndex":1,"categories":[1.0],"type":"categorical"}}
{"type":"leaf","values":[28.0,15.0]}
{"type":"leaf","values":[152.0,46.0]}
{"type":"leaf","values":[8.0,0.0]}
{"type":"internal","split":{"type":"continuous","featureIndex":8,"threshold":37.7521}}
{"type":"internal","split":{"numCategories":2,"isLeft":false,"featureIndex":0,"categories":[0.0],"type":"categorical"}}
{"type":"internal","split":{"numCategories":2,"isLeft":false,"featureIndex":2,"categories":[0.0],"type":"categorical"}}
{"type":"leaf","values":[13.0,2.0]}
{"type":"leaf","values":[93.0,15.0]}
{"type":"internal","split":{"type":"continuous","featureIndex":6,"threshold":0.5}}
{"type":"leaf","values":[1.0,26.0]}
{"type":"leaf","values":[3.0,11.0]}
{"type":"internal","split":{"numCategories":2,"isLeft":false,"featureIndex":1,"categories":[0.0],"type":"categorical"}}
{"type":"internal","split":{"numCategories":2,"isLeft":false,"featureIndex":4,"categories":[1.0],"type":"categorical"}}
{"type":"leaf","values":[4.0,1.0]}
{"type":"leaf","values":[13.0,36.0]}
{"type":"internal","split":{"type":"continuous","featureIndex":8,"threshold":50.491699999999994}}
{"type":"leaf","values":[2.0,3.0]}
{"type":"leaf","values":[6.0,53.0]}
