{"type":"internal","split":{"type":"continuous","featureIndex":6,"threshold":0.5}}
{"type":"internal","split":{"numCategories":2,"isLeft":false,"featureIndex":0,"categories":[0.0],"type":"categorical"}}
{"type":"internal","split":{"numCategories":2,"isLeft":false,"featureIndex":2,"categories":[0.0],"type":"categorical"}}
{"type":"internal","split":{"numCategories":2,"isLeft":false,"featureIndex":4,"categories":[1.0],"type":"categorical"}}
{"type":"internal","split":{"type":"continuous","featureIndex":8,"threshold":7.2271}}
{"type":"leaf","values":[2.0,2.0]}
{"type":"leaf","values":[18.0,2.0]}
{"type":"internal","split":{"type":"continuous","featureIndex":7,"threshold":24.25}}
{"type":"leaf","values":[3.0,0.0]}
{"type":"leaf","values":[13.0,16.0]}
{"type":"internal","split":{"numCategories":2,"isLeft":false,"featureIndex":4,"categories":[0.0],"type":"categorical"}}
{"type":"internal","split":{"type":"continuous","featureIndex":8,"threshold":31.331249999999997}}
{"type":"leaf","values":[15.0,14.0]}
{"type":"leaf","values":[24.0,5.0]}
{"type":"internal","split":{"type":"continuous","featureIndex":7,"threshold":32.25}}
{"type":"leaf","values":[147.0,23.0]}
{"type":"leaf","values":[64.0,3.0]}
{"type":"internal","split":{"type":"continuous","featureIndex":8,"threshold":26.125}}
{"type":"internal","split":{"type":"continuous","featureIndex":5,"threshold":1.5}}
{"type":"internal","split":{"numCategories":2,"isLeft":false,"featureIndex":3,"categories":[1.0],"type":"categorical"}}
{"type":"leaf","values":[4.0,28.0]}
{"type":"leaf","values":[22.0,41.0]}
{"type":"leaf","values":[0.0,5.0]}
{"type":"leaf","values":[0.0,43.0]}
{"type":"internal","split":{"type":"continuous","featureIndex":5,"threshold":2.5}}
{"type":"internal","split":{"type":"continuous","featureIndex":7,"threshold":24.25}}
{"type":"internal","split":{"type":"continuous","featureIndex":8,"threshold":20.7875}}
{"type":"internal","split":{"type":"continuous","featureIndex":8,"threshold":18.76875}}
{"type":"leaf","values":[1.0,16.0]}
{"type":"leaf","values":[2.0,4.0]}
{"type":"internal","split":{"type":"continuous","featureIndex":5,"threshold":1.5}}
{"type":"leaf","values":[2.0,38.0]}
{"type":"leaf","values":[1.0,8.0]}
{"type":"internal","split":{"numCategories":2,"isLeft":false,"featureIndex":0,"categories":[0.0],"type":"categorical"}}
{"type":"internal","split":{"type":"continuous","featureIndex":7,"threshold":58.5}}
{"type":"leaf","values":[25.0,3.0]}
{"type":"leaf","values":[1.0,2.0]}
{"type":"internal","split":{"numCategories":2,"isLeft":false,"featureIndex":1,"categories":[1.0],"type":"categorical"}}
{"type":"leaf","values":[1.0,8.0]}
{"type":"leaf","values":[10.0,26.0]}
{"type":"internal","split":{"type":"continuous","featureIndex":6,"threshold":1.5}}
{"type":"leaf","values":[15.0,0.0]}
{"type":"internal","split":{"type":"continuous","featureIndex":8,"threshold":78.1125}}
{"type":"internal","split":{"numCategories":2,"isLeft":false,"featureIndex":0,"categories":[0.0],"type":"categorical"}}
{"type":"leaf","values":[11.0,0.0]}
{"type":"leaf","values":[6.0,1.0]}
{"type":"leaf","values":[0.0,2.0]}
