{
  "name": "vecAssembler_d714b671e618",
  "shape": {
    "inputs": [{
      "port": "input0",
      "name": "Sex_onehot"
    }, {
      "port": "input1",
      "name": "Embarked_onehot"
    }, {
      "port": "input2",
      "name": "Pclass_onehot"
    }, {
      "port": "input3",
      "name": "SibSp"
    }, {
      "port": "input4",
      "name": "Parch"
    }, {
      "port": "input5",
      "name": "Age"
    }, {
      "port": "input6",
      "name": "Fare"
    }],
    "outputs": [{
      "port": "output",
      "name": "features"
    }]
  }
}