{"type":"internal","split":{"numCategories":2,"isLeft":false,"featureIndex":0,"categories":[0.0],"type":"categorical"}}
{"type":"internal","split":{"type":"continuous","featureIndex":7,"threshold":8.5}}
{"type":"internal","split":{"numCategories":2,"isLeft":false,"featureIndex":4,"categories":[0.0],"type":"categorical"}}
{"type":"leaf","values":[0.0,2.0]}
{"type":"internal","split":{"numCategories":2,"isLeft":false,"featureIndex":3,"categories":[0.0],"type":"categorical"}}
{"type":"leaf","values":[3.0,0.0]}
{"type":"leaf","values":[0.0,9.0]}
{"type":"internal","split":{"numCategories":2,"isLeft":false,"featureIndex":4,"categories":[0.0],"type":"categorical"}}
{"type":"internal","split":{"numCategories":2,"isLeft":false,"featureIndex":2,"categories":[0.0],"type":"categorical"}}
{"type":"internal","split":{"type":"continuous","featureIndex":8,"threshold":92.28960000000001}}
{"type":"leaf","values":[12.0,10.0]}
{"type":"leaf","values":[1.0,0.0]}
{"type":"internal","split":{"type":"continuous","featureIndex":7,"threshold":15.5}}
{"type":"leaf","values":[0.0,2.0]}
{"type":"leaf","values":[33.0,12.0]}
{"type":"internal","split":{"numCategories":2,"isLeft":false,"featureIndex":1,"categories":[1.0],"type":"categorical"}}
{"type":"internal","split":{"type":"continuous","featureIndex":6,"threshold":0.5}}
{"type":"leaf","values":[46.0,12.0]}
{"type":"leaf","values":[1.0,2.0]}
{"type":"internal","split":{"type":"continuous","featureIndex":5,"threshold":0.5}}
{"type":"leaf","values":[187.0,29.0]}
{"type":"leaf","values":[39.0,1.0]}
{"type":"internal","split":{"numCategories":2,"isLeft":false,"featureIndex":3,"categories":[0.0],"type":"categorical"}}
{"type":"leaf","values":[45.0,64.0]}
{"type":"internal","split":{"type":"continuous","featureIndex":7,"threshold":3.5}}
{"type":"leaf","values":[1.0,0.0]}
{"type":"internal","split":{"type":"continuous","featureIndex":6,"threshold":1.5}}
{"type":"internal","split":{"numCategories":2,"isLeft":false,"featureIndex":4,"categories":[1.0],"type":"categorical"}}
{"type":"leaf","values":[5.0,44.0]}
{"type":"leaf","values":[0.0,50.0]}
{"type":"internal","split":{"type":"continuous","featureIndex":7,"threshold":24.25}}
{"type":"leaf","values":[0.0,14.0]}
{"type":"leaf","values":[4.0,5.0]}
