{"type":"internal","split":{"numCategories":2,"isLeft":false,"featureIndex":3,"categories":[0.0],"type":"categorical"}}
{"type":"internal","split":{"numCategories":2,"isLeft":false,"featureIndex":0,"categories":[0.0],"type":"categorical"}}
{"type":"internal","split":{"type":"continuous","featureIndex":8,"threshold":7.9104}}
{"type":"internal","split":{"numCategories":2,"isLeft":false,"featureIndex":2,"categories":[1.0],"type":"categorical"}}
{"type":"internal","split":{"type":"continuous","featureIndex":5,"threshold":0.5}}
{"type":"leaf","values":[86.0,3.0]}
{"type":"leaf","values":[5.0,0.0]}
{"type":"internal","split":{"type":"continuous","featureIndex":7,"threshold":29.34955882352941}}
{"type":"leaf","values":[5.0,7.0]}
{"type":"leaf","values":[8.0,0.0]}
{"type":"internal","split":{"type":"continuous","featureIndex":8,"threshold":8.0396}}
{"type":"internal","split":{"type":"continuous","featureIndex":5,"threshold":0.5}}
{"type":"leaf","values":[0.0,5.0]}
{"type":"leaf","values":[3.0,0.0]}
{"type":"internal","split":{"type":"continuous","featureIndex":5,"threshold":2.5}}
{"type":"leaf","values":[76.0,20.0]}
{"type":"leaf","values":[8.0,0.0]}
{"type":"internal","split":{"type":"continuous","featureIndex":8,"threshold":7.8875}}
{"type":"internal","split":{"numCategories":2,"isLeft":false,"featureIndex":1,"categories":[0.0],"type":"categorical"}}
{"type":"leaf","values":[3.0,8.0]}
{"type":"internal","split":{"type":"continuous","featureIndex":6,"threshold":0.5}}
{"type":"leaf","values":[1.0,20.0]}
{"type":"leaf","values":[2.0,0.0]}
{"type":"internal","split":{"type":"continuous","featureIndex":7,"threshold":36.25}}
{"type":"internal","split":{"type":"continuous","featureIndex":5,"threshold":2.5}}
{"type":"leaf","values":[18.0,31.0]}
{"type":"leaf","values":[7.0,1.0]}
{"type":"internal","split":{"type":"continuous","featureIndex":8,"threshold":31.331249999999997}}
{"type":"leaf","values":[10.0,1.0]}
{"type":"leaf","values":[1.0,1.0]}
{"type":"internal","split":{"type":"continuous","featureIndex":8,"threshold":14.47915}}
{"type":"internal","split":{"numCategories":2,"isLeft":false,"featureIndex":2,"categories":[0.0],"type":"categorical"}}
{"type":"internal","split":{"type":"continuous","featureIndex":7,"threshold":17.5}}
{"type":"leaf","values":[0.0,3.0]}
{"type":"leaf","values":[1.0,0.0]}
{"type":"internal","split":{"numCategories":2,"isLeft":false,"featureIndex":4,"categories":[0.0],"type":"categorical"}}
{"type":"leaf","values":[7.0,0.0]}
{"type":"internal","split":{"numCategories":2,"isLeft":false,"featureIndex":1,"categories":[1.0],"type":"categorical"}}
{"type":"leaf","values":[0.0,2.0]}
{"type":"leaf","values":[54.0,12.0]}
{"type":"internal","split":{"type":"continuous","featureIndex":8,"threshold":92.28960000000001}}
{"type":"internal","split":{"numCategories":2,"isLeft":false,"featureIndex":4,"categories":[1.0],"type":"categorical"}}
{"type":"internal","split":{"numCategories":2,"isLeft":false,"featureIndex":2,"categories":[0.0],"type":"categorical"}}
{"type":"leaf","values":[5.0,0.0]}
{"type":"leaf","values":[13.0,39.0]}
{"type":"internal","split":{"type":"continuous","featureIndex":8,"threshold":78.1125}}
{"type":"leaf","values":[38.0,61.0]}
{"type":"leaf","values":[22.0,10.0]}
{"type":"internal","split":{"numCategories":2,"isLeft":false,"featureIndex":0,"categories":[0.0],"type":"categorical"}}
{"type":"internal","split":{"numCategories":2,"isLeft":false,"featureIndex":1,"categories":[1.0],"type":"categorical"}}
{"type":"leaf","values":[5.0,0.0]}
{"type":"leaf","values":[2.0,4.0]}
{"type":"internal","split":{"numCategories":2,"isLeft":false,"featureIndex":2,"categories":[1.0],"type":"categorical"}}
{"type":"leaf","values":[1.0,15.0]}
{"type":"leaf","values":[0.0,16.0]}
