{"type":"internal","split":{"numCategories":2,"isLeft":false,"featureIndex":2,"categories":[0.0],"type":"categorical"}}
{"type":"internal","split":{"numCategories":2,"isLeft":false,"featureIndex":4,"categories":[1.0],"type":"categorical"}}
{"type":"internal","split":{"type":"continuous","featureIndex":8,"threshold":15.64585}}
{"type":"leaf","values":[23.0,9.0]}
{"type":"internal","split":{"type":"continuous","featureIndex":6,"threshold":0.5}}
{"type":"leaf","values":[5.0,0.0]}
{"type":"leaf","values":[0.0,9.0]}
{"type":"internal","split":{"numCategories":2,"isLeft":false,"featureIndex":0,"categories":[0.0],"type":"categorical"}}
{"type":"internal","split":{"type":"continuous","featureIndex":6,"threshold":0.5}}
{"type":"internal","split":{"type":"continuous","featureIndex":5,"threshold":0.5}}
{"type":"leaf","values":[9.0,6.0]}
{"type":"leaf","values":[3.0,3.0]}
{"type":"leaf","values":[9.0,3.0]}
{"type":"leaf","values":[0.0,33.0]}
{"type":"internal","split":{"numCategories":2,"isLeft":false,"featureIndex":3,"categories":[0.0],"type":"categorical"}}
{"type":"internal","split":{"numCategories":2,"isLeft":false,"featureIndex":0,"categories":[0.0],"type":"categorical"}}
{"type":"internal","split":{"type":"continuous","featureIndex":6,"threshold":0.5}}
{"type":"internal","split":{"type":"continuous","featureIndex":8,"threshold":24.808349999999997}}
{"type":"leaf","values":[146.0,14.0]}
{"type":"leaf","values":[2.0,3.0]}
{"type":"internal","split":{"type":"continuous","featureIndex":8,"threshold":20.7875}}
{"type":"leaf","values":[5.0,5.0]}
{"type":"leaf","values":[13.0,0.0]}
{"type":"internal","split":{"type":"continuous","featureIndex":6,"threshold":0.5}}
{"type":"internal","split":{"type":"continuous","featureIndex":7,"threshold":28.25}}
{"type":"leaf","values":[17.0,18.0]}
{"type":"leaf","values":[8.0,25.0]}
{"type":"internal","split":{"type":"continuous","featureIndex":7,"threshold":38.5}}
{"type":"leaf","values":[19.0,4.0]}
{"type":"leaf","values":[6.0,0.0]}
{"type":"internal","split":{"numCategories":2,"isLeft":false,"featureIndex":4,"categories":[1.0],"type":"categorical"}}
{"type":"internal","split":{"numCategories":2,"isLeft":false,"featureIndex":0,"categories":[0.0],"type":"categorical"}}
{"type":"internal","split":{"type":"continuous","featureIndex":7,"threshold":20.25}}
{"type":"leaf","values":[3.0,7.0]}
{"type":"leaf","values":[61.0,1.0]}
{"type":"internal","split":{"type":"continuous","featureIndex":7,"threshold":50.5}}
{"type":"leaf","values":[4.0,51.0]}
{"type":"leaf","values":[2.0,3.0]}
{"type":"internal","split":{"type":"continuous","featureIndex":7,"threshold":27.5}}
{"type":"internal","split":{"type":"continuous","featureIndex":8,"threshold":149.0354}}
{"type":"leaf","values":[0.0,21.0]}
{"type":"leaf","values":[1.0,7.0]}
{"type":"internal","split":{"type":"continuous","featureIndex":8,"threshold":92.28960000000001}}
{"type":"leaf","values":[38.0,27.0]}
{"type":"leaf","values":[3.0,13.0]}
