{"type":"internal","split":{"numCategories":2,"isLeft":false,"featureIndex":4,"categories":[0.0],"type":"categorical"}}
{"type":"internal","split":{"type":"continuous","featureIndex":8,"threshold":50.491699999999994}}
{"type":"internal","split":{"type":"continuous","featureIndex":7,"threshold":47.5}}
{"type":"internal","split":{"numCategories":2,"isLeft":false,"featureIndex":0,"categories":[1.0],"type":"categorical"}}
{"type":"leaf","values":[0.0,6.0]}
{"type":"internal","split":{"numCategories":2,"isLeft":false,"featureIndex":1,"categories":[1.0],"type":"categorical"}}
{"type":"leaf","values":[10.0,5.0]}
{"type":"leaf","values":[23.0,7.0]}
{"type":"internal","split":{"numCategories":2,"isLeft":false,"featureIndex":0,"categories":[1.0],"type":"categorical"}}
{"type":"leaf","values":[0.0,3.0]}
{"type":"internal","split":{"type":"continuous","featureIndex":7,"threshold":58.5}}
{"type":"leaf","values":[0.0,4.0]}
{"type":"leaf","values":[1.0,1.0]}
{"type":"internal","split":{"type":"continuous","featureIndex":8,"threshold":56.197900000000004}}
{"type":"internal","split":{"type":"continuous","featureIndex":7,"threshold":27.5}}
{"type":"leaf","values":[0.0,4.0]}
{"type":"internal","split":{"type":"continuous","featureIndex":5,"threshold":0.5}}
{"type":"leaf","values":[2.0,0.0]}
{"type":"leaf","values":[2.0,6.0]}
{"type":"internal","split":{"numCategories":2,"isLeft":false,"featureIndex":1,"categories":[1.0],"type":"categorical"}}
{"type":"internal","split":{"numCategories":2,"isLeft":false,"featureIndex":0,"categories":[0.0],"type":"categorical"}}
{"type":"leaf","values":[6.0,7.0]}
{"type":"leaf","values":[0.0,22.0]}
{"type":"internal","split":{"type":"continuous","featureIndex":6,"threshold":0.5}}
{"type":"leaf","values":[1.0,21.0]}
{"type":"leaf","values":[2.0,14.0]}
{"type":"internal","split":{"type":"continuous","featureIndex":8,"threshold":10.31665}}
{"type":"internal","split":{"type":"continuous","featureIndex":7,"threshold":15.5}}
{"type":"internal","split":{"type":"continuous","featureIndex":6,"threshold":0.5}}
{"type":"leaf","values":[0.0,3.0]}
{"type":"leaf","values":[1.0,0.0]}
{"type":"internal","split":{"type":"continuous","featureIndex":6,"threshold":0.5}}
{"type":"internal","split":{"numCategories":2,"isLeft":false,"featureIndex":3,"categories":[1.0],"type":"categorical"}}
{"type":"leaf","values":[3.0,0.0]}
{"type":"leaf","values":[186.0,46.0]}
{"type":"leaf","values":[0.0,1.0]}
{"type":"internal","split":{"type":"continuous","featureIndex":8,"threshold":69.425}}
{"type":"internal","split":{"type":"continuous","featureIndex":5,"threshold":2.5}}
{"type":"internal","split":{"type":"continuous","featureIndex":8,"threshold":50.491699999999994}}
{"type":"leaf","values":[99.0,103.0]}
{"type":"leaf","values":[0.0,9.0]}
{"type":"internal","split":{"type":"continuous","featureIndex":8,"threshold":31.331249999999997}}
{"type":"leaf","values":[9.0,0.0]}
{"type":"leaf","values":[4.0,1.0]}
{"type":"leaf","values":[5.0,0.0]}
