{"type":"internal","split":{"numCategories":2,"isLeft":false,"featureIndex":0,"categories":[0.0],"type":"categorical"}}
{"type":"internal","split":{"type":"continuous","featureIndex":8,"threshold":26.125}}
{"type":"internal","split":{"type":"continuous","featureIndex":7,"threshold":15.5}}
{"type":"internal","split":{"type":"continuous","featureIndex":8,"threshold":18.76875}}
{"type":"leaf","values":[0.0,5.0]}
{"type":"internal","split":{"numCategories":2,"isLeft":false,"featureIndex":1,"categories":[1.0],"type":"categorical"}}
{"type":"leaf","values":[2.0,0.0]}
{"type":"leaf","values":[2.0,2.0]}
{"type":"internal","split":{"numCategories":2,"isLeft":false,"featureIndex":3,"categories":[1.0],"type":"categorical"}}
{"type":"internal","split":{"type":"continuous","featureIndex":7,"threshold":29.84955882352941}}
{"type":"leaf","values":[28.0,1.0]}
{"type":"leaf","values":[30.0,0.0]}
{"type":"internal","split":{"type":"continuous","featureIndex":7,"threshold":29.34955882352941}}
{"type":"leaf","values":[77.0,17.0]}
{"type":"leaf","values":[110.0,10.0]}
{"type":"internal","split":{"type":"continuous","featureIndex":7,"threshold":36.25}}
{"type":"internal","split":{"type":"continuous","featureIndex":6,"threshold":0.5}}
{"type":"internal","split":{"numCategories":2,"isLeft":false,"featureIndex":3,"categories":[0.0],"type":"categorical"}}
{"type":"leaf","values":[0.0,7.0]}
{"type":"leaf","values":[20.0,17.0]}
{"type":"internal","split":{"type":"continuous","featureIndex":5,"threshold":1.5}}
{"type":"leaf","values":[6.0,9.0]}
{"type":"leaf","values":[8.0,0.0]}
{"type":"internal","split":{"type":"continuous","featureIndex":8,"threshold":56.197900000000004}}
{"type":"internal","split":{"type":"continuous","featureIndex":7,"threshold":41.5}}
{"type":"leaf","values":[10.0,1.0]}
{"type":"leaf","values":[15.0,5.0]}
{"type":"internal","split":{"type":"continuous","featureIndex":5,"threshold":0.5}}
{"type":"leaf","values":[2.0,0.0]}
{"type":"leaf","values":[5.0,6.0]}
{"type":"internal","split":{"type":"continuous","featureIndex":5,"threshold":3.5}}
{"type":"internal","split":{"type":"continuous","featureIndex":8,"threshold":26.125}}
{"type":"internal","split":{"type":"continuous","featureIndex":5,"threshold":0.5}}
{"type":"internal","split":{"numCategories":2,"isLeft":false,"featureIndex":3,"categories":[1.0],"type":"categorical"}}
{"type":"leaf","values":[1.0,26.0]}
{"type":"leaf","values":[13.0,41.0]}
{"type":"internal","split":{"type":"continuous","featureIndex":7,"threshold":36.25}}
{"type":"leaf","values":[15.0,18.0]}
{"type":"leaf","values":[4.0,0.0]}
{"type":"internal","split":{"type":"continuous","featureIndex":6,"threshold":2.5}}
{"type":"internal","split":{"numCategories":2,"isLeft":false,"featureIndex":3,"categories":[0.0],"type":"categorical"}}
{"type":"leaf","values":[1.0,0.0]}
{"type":"leaf","values":[0.0,85.0]}
{"type":"leaf","values":[2.0,0.0]}
{"type":"leaf","values":[5.0,0.0]}
