{"type":"internal","split":{"numCategories":2,"isLeft":false,"featureIndex":3,"categories":[0.0],"type":"categorical"}}
{"type":"internal","split":{"type":"continuous","featureIndex":8,"threshold":20.7875}}
{"type":"internal","split":{"numCategories":2,"isLeft":false,"featureIndex":0,"categories":[0.0],"type":"categorical"}}
{"type":"internal","split":{"type":"continuous","featureIndex":7,"threshold":3.5}}
{"type":"leaf","values":[0.0,3.0]}
{"type":"internal","split":{"type":"continuous","featureIndex":8,"threshold":7.9104}}
{"type":"leaf","values":[98.0,9.0]}
{"type":"leaf","values":[60.0,15.0]}
{"type":"internal","split":{"type":"continuous","featureIndex":6,"threshold":0.5}}
{"type":"internal","split":{"type":"continuous","featureIndex":5,"threshold":0.5}}
{"type":"leaf","values":[15.0,31.0]}
{"type":"leaf","values":[14.0,17.0]}
{"type":"internal","split":{"numCategories":2,"isLeft":false,"featureIndex":1,"categories":[0.0],"type":"categorical"}}
{"type":"leaf","values":[1.0,3.0]}
{"type":"leaf","values":[9.0,4.0]}
{"type":"internal","split":{"numCategories":2,"isLeft":false,"featureIndex":2,"categories":[0.0],"type":"categorical"}}
{"type":"internal","split":{"numCategories":2,"isLeft":false,"featureIndex":0,"categories":[0.0],"type":"categorical"}}
{"type":"leaf","values":[1.0,0.0]}
{"type":"leaf","values":[0.0,1.0]}
{"type":"internal","split":{"type":"continuous","featureIndex":8,"threshold":31.331249999999997}}
{"type":"internal","split":{"numCategories":2,"isLeft":false,"featureIndex":1,"categories":[1.0],"type":"categorical"}}
{"type":"leaf","values":[6.0,0.0]}
{"type":"leaf","values":[33.0,1.0]}
{"type":"internal","split":{"type":"continuous","featureIndex":7,"threshold":8.5}}
{"type":"leaf","values":[0.0,1.0]}
{"type":"leaf","values":[14.0,6.0]}
{"type":"internal","split":{"type":"continuous","featureIndex":5,"threshold":0.5}}
{"type":"internal","split":{"numCategories":2,"isLeft":false,"featureIndex":0,"categories":[0.0],"type":"categorical"}}
{"type":"internal","split":{"numCategories":2,"isLeft":false,"featureIndex":2,"categories":[0.0],"type":"categorical"}}
{"type":"internal","split":{"type":"continuous","featureIndex":7,"threshold":23.5}}
{"type":"leaf","values":[0.0,4.0]}
{"type":"leaf","values":[12.0,4.0]}
{"type":"internal","split":{"type":"continuous","featureIndex":7,"threshold":18.5}}
{"type":"leaf","values":[7.0,0.0]}
{"type":"leaf","values":[66.0,13.0]}
{"type":"internal","split":{"type":"continuous","featureIndex":7,"threshold":50.5}}
{"type":"internal","split":{"type":"continuous","featureIndex":8,"threshold":13.20835}}
{"type":"leaf","values":[2.0,26.0]}
{"type":"leaf","values":[0.0,35.0]}
{"type":"internal","split":{"numCategories":2,"isLeft":false,"featureIndex":4,"categories":[1.0],"type":"categorical"}}
{"type":"leaf","values":[2.0,3.0]}
{"type":"leaf","values":[0.0,7.0]}
{"type":"internal","split":{"numCategories":2,"isLeft":false,"featureIndex":2,"categories":[0.0],"type":"categorical"}}
{"type":"internal","split":{"numCategories":2,"isLeft":false,"featureIndex":0,"categories":[0.0],"type":"categorical"}}
{"type":"leaf","values":[2.0,4.0]}
{"type":"leaf","values":[0.0,21.0]}
{"type":"internal","split":{"type":"continuous","featureIndex":6,"threshold":0.5}}
{"type":"internal","split":{"numCategories":2,"isLeft":false,"featureIndex":0,"categories":[0.0],"type":"categorical"}}
{"type":"leaf","values":[16.0,7.0]}
{"type":"leaf","values":[4.0,21.0]}
{"type":"internal","split":{"type":"continuous","featureIndex":6,"threshold":1.5}}
{"type":"leaf","values":[4.0,14.0]}
{"type":"leaf","values":[1.0,11.0]}
