{"type":"internal","split":{"numCategories":2,"isLeft":false,"featureIndex":0,"categories":[0.0],"type":"categorical"}}
{"type":"internal","split":{"type":"continuous","featureIndex":6,"threshold":0.5}}
{"type":"internal","split":{"type":"continuous","featureIndex":8,"threshold":26.125}}
{"type":"internal","split":{"numCategories":2,"isLeft":false,"featureIndex":2,"categories":[0.0],"type":"categorical"}}
{"type":"internal","split":{"type":"continuous","featureIndex":8,"threshold":7.2271}}
{"type":"leaf","values":[7.0,0.0]}
{"type":"leaf","values":[10.0,5.0]}
{"type":"internal","split":{"type":"continuous","featureIndex":7,"threshold":17.5}}
{"type":"leaf","values":[1.0,3.0]}
{"type":"leaf","values":[211.0,26.0]}
{"type":"internal","split":{"type":"continuous","featureIndex":8,"threshold":31.331249999999997}}
{"type":"internal","split":{"type":"continuous","featureIndex":7,"threshold":28.25}}
{"type":"leaf","values":[0.0,6.0]}
{"type":"leaf","values":[16.0,13.0]}
{"type":"internal","split":{"numCategories":2,"isLeft":false,"featureIndex":1,"categories":[1.0],"type":"categorical"}}
{"type":"leaf","values":[6.0,4.0]}
{"type":"leaf","values":[20.0,7.0]}
{"type":"internal","split":{"numCategories":2,"isLeft":false,"featureIndex":3,"categories":[0.0],"type":"categorical"}}
{"type":"internal","split":{"type":"continuous","featureIndex":5,"threshold":1.5}}
{"type":"internal","split":{"type":"continuous","featureIndex":8,"threshold":18.76875}}
{"type":"leaf","values":[3.0,9.0]}
{"type":"leaf","values":[7.0,1.0]}
{"type":"leaf","values":[12.0,0.0]}
{"type":"internal","split":{"type":"continuous","featureIndex":6,"threshold":1.5}}
{"type":"internal","split":{"type":"continuous","featureIndex":8,"threshold":12.9375}}
{"type":"leaf","values":[2.0,0.0]}
{"type":"leaf","values":[3.0,13.0]}
{"type":"internal","split":{"type":"continuous","featureIndex":8,"threshold":29.0625}}
{"type":"leaf","values":[1.0,0.0]}
{"type":"leaf","values":[1.0,2.0]}
{"type":"internal","split":{"numCategories":2,"isLeft":false,"featureIndex":3,"categories":[0.0],"type":"categorical"}}
{"type":"internal","split":{"type":"continuous","featureIndex":6,"threshold":1.5}}
{"type":"internal","split":{"type":"continuous","featureIndex":8,"threshold":14.47915}}
{"type":"internal","split":{"type":"continuous","featureIndex":5,"threshold":0.5}}
{"type":"leaf","values":[17.0,27.0]}
{"type":"leaf","values":[10.0,2.0]}
{"type":"internal","split":{"type":"continuous","featureIndex":8,"threshold":20.7875}}
{"type":"leaf","values":[1.0,22.0]}
{"type":"leaf","values":[5.0,2.0]}
{"type":"internal","split":{"type":"continuous","featureIndex":6,"threshold":3.5}}
{"type":"internal","split":{"type":"continuous","featureIndex":5,"threshold":0.5}}
{"type":"leaf","values":[1.0,5.0]}
{"type":"leaf","values":[13.0,1.0]}
{"type":"internal","split":{"type":"continuous","featureIndex":6,"threshold":4.5}}
{"type":"leaf","values":[4.0,0.0]}
{"type":"leaf","values":[4.0,1.0]}
{"type":"internal","split":{"type":"continuous","featureIndex":7,"threshold":3.5}}
{"type":"internal","split":{"numCategories":2,"isLeft":false,"featureIndex":1,"categories":[0.0],"type":"categorical"}}
{"type":"leaf","values":[2.0,0.0]}
{"type":"leaf","values":[0.0,1.0]}
{"type":"internal","split":{"type":"continuous","featureIndex":7,"threshold":27.5}}
{"type":"internal","split":{"type":"continuous","featureIndex":7,"threshold":25.5}}
{"type":"leaf","values":[2.0,30.0]}
{"type":"leaf","values":[2.0,0.0]}
{"type":"leaf","values":[0.0,76.0]}
